dataset,utm_zone,x,y,url
NC_Phase5_2018_A18,17,22,391,https://prd-tnm.s3.amazonaws.com/StagedProducts/Elevation/1m/Projects/NC_Phase5_2018_A18/TIFF/USGS_1M_17_x22y391_NC_Phase5_2018_A18.tif
NC_Phase5_2018_A18,17,23,391,https://prd-tnm.s3.amazonaws.com/StagedProducts/Elevation/1m/Projects/NC_Phase5_2018_A18/TIFF/USGS_1M_17_x23y391_NC_Phase5_2018_A18.tif
NC_Phase5_2018_A18,17,24,391,https://prd-tnm.s3.amazonaws.com/StagedProducts/Elevation/1m/Projects/NC_Phase5_2018_A18/TIFF/USGS_1M_17_x24y391_NC_Phase5_2018_A18.tif
NC_Phase5_2018_A18,17,25,391,https://prd-tnm.s3.amazonaws.com/StagedProducts/Elevation/1m/Projects/NC_Phase5_2018_A18/TIFF/USGS_1M_17_x25y391_NC_Phase5_2018_A18.tif
NC_Phase5_2018_A18,17,26,391,https://prd-tnm.s3.amazonaws.com/StagedProducts/Elevation/1m/Projects/NC_Phase5_2018_A18/TIFF/USGS_1M_17_x26y391_NC_Phase5_2018_A18.tif
NC_Phase5_2018_A18,17,27,391,https://prd-tnm.s3.amazonaws.com/StagedProducts/Elevation/1m/Projects/NC_Phase5_2018_A18/TIFF/USGS_1M_17_x27y391_NC_Phase5_2018_A18.tif
NC_Phase5_2018_A18,17,28,391,https://prd-tnm.s3.amazonaws.com/StagedProducts/Elevation/1m/Projects/NC_Phase5_2018_A18/TIFF/USGS_1M_17_x28y391_NC_Phase5_2018_A18.tif
NC_Phase5_2018_A18,17,29,391,https://prd-tnm.s3.amazonaws.com/StagedProducts/Elevation/1m/Projects/NC_Phase5_2018_A18/TIFF/USGS_1M_17_x29y391_NC_Phase5_2018_A18.tif
NC_Phase5_2018_A18,17,30,391,https://prd-tnm.s3.amazonaws.com/StagedProducts/Elevation/1m/Projects/NC_Phase5_2018_A18/TIFF/USGS_1M_17_x30y391_NC_Phase5_2018_A18.tif
NC_Phase5_2018_A18,17,31,391,https://prd-tnm.s3.amazonaws.com/StagedProducts/Elevation/1m/Projects/NC_Phase5_2018_A18/TIFF/USGS_1M_17_x31y391_NC_Phase5_2018_A18.tif
TN_Eastern_2_16_B16_Del1_2016,16,77,392,https://prd-tnm.s3.amazonaws.com/StagedProducts/Elevation/1m/Projects/TN_Eastern_2_16_B16_Del1_2016/TIFF/USGS_one_meter_x77y392_TN_Eastern_2_16_B16_Del1_2016.tif
NC_Phase5_2018_A18,17,22,392,https://prd-tnm.s3.amazonaws.com/StagedProducts/Elevation/1m/Projects/NC_Phase5_2018_A18/TIFF/USGS_1M_17_x22y392_NC_Phase5_2018_A18.tif
TN_Eastern_2_16_B16_Del1_2016,17,22,392,https://prd-tnm.s3.amazonaws.com/StagedProducts/Elevation/1m/Projects/TN_Eastern_2_16_B16_Del1_2016/TIFF/USGS_one_meter_x22y392_TN_Eastern_2_16_B16_Del1_2016.tif
NC_Phase5_2018_A18,17,23,392,https://prd-tnm.s3.amazonaws.com/StagedProducts/Elevation/1m/Projects/NC_Phase5_2018_A18/TIFF/USGS_1M_17_x23y392_NC_Phase5_2018_A18.tif
NC_Phase5_2018_A18,17,24,392,https://prd-tnm.s3.amazonaws.com/StagedProducts/Elevation/1m/Projects/NC_Phase5_2018_A18/TIFF/USGS_1M_17_x24y392_NC_Phase5_2018_A18.tif
NC_Phase5_2018_A18,17,25,392,https://prd-tnm.s3.amazonaws.com/StagedProducts/Elevation/1m/Projects/NC_Phase5_2018_A18/TIFF/USGS_1M_17_x25y392_NC_Phase5_2018_A18.tif
NC_Phase5_2018_A18,17,26,392,https://prd-tnm.s3.amazonaws.com/StagedProducts/Elevation/1m/Projects/NC_Phase5_2018_A18/TIFF/USGS_1M_17_x26y392_NC_Phase5_2018_A18.tif
NC_Phase5_2018_A18,17,27,392,https://prd-tnm.s3.amazonaws.com/StagedProducts/Elevation/1m/Projects/NC_Phase5_2018_A18/TIFF/USGS_1M_17_x27y392_NC_Phase5_2018_A18.tif
NC_Phase5_2018_A18,17,28,392,https://prd-tnm.s3.amazonaws.com/StagedProducts/Elevation/1m/Projects/NC_Phase5_2018_A18/TIFF/USGS_1M_17_x28y392_NC_Phase5_2018_A18.tif
NC_Phase5_2018_A18,17,29,392,https://prd-tnm.s3.amazonaws.com/StagedProducts/Elevation/1m/Projects/NC_Phase5_2018_A18/TIFF/USGS_1M_17_x29y392_NC_Phase5_2018_A18.tif
NC_Phase5_2018_A18,17,30,392,https://prd-tnm.s3.amazonaws.com/StagedProducts/Elevation/1m/Projects/NC_Phase5_2018_A18/TIFF/USGS_1M_17_x30y392_NC_Phase5_2018_A18.tif
NC_Phase5_2018_A18,17,31,392,https://prd-tnm.s3.amazonaws.com/StagedProducts/Elevation/1m/Projects/NC_Phase5_2018_A18/TIFF/USGS_1M_17_x31y392_NC_Phase5_2018_A18.tif
NC_Phase5_2018_A18,17,22,393,https://prd-tnm.s3.amazonaws.com/StagedProducts/Elevation/1m/Projects/NC_Phase5_2018_A18/TIFF/USGS_1M_17_x22y393_NC_Phase5_2018_A18.tif
TN_Eastern_2_16_B16_Del2_2016,17,22,393,https://prd-tnm.s3.amazonaws.com/StagedProducts/Elevation/1m/Projects/TN_Eastern_2_16_B16_Del2_2016/TIFF/USGS_one_meter_x22y393_TN_Eastern_2_16_B16_Del2_2016.tif
NC_Phase5_2018_A18,17,23,393,https://prd-tnm.s3.amazonaws.com/StagedProducts/Elevation/1m/Projects/NC_Phase5_2018_A18/TIFF/USGS_1M_17_x23y393_NC_Phase5_2018_A18.tif
TN_Eastern_2_16_B16_Del2_2016,17,23,393,https://prd-tnm.s3.amazonaws.com/StagedProducts/Elevation/1m/Projects/TN_Eastern_2_16_B16_Del2_2016/TIFF/USGS_one_meter_x23y393_TN_Eastern_2_16_B16_Del2_2016.tif
NC_Phase5_2018_A18,17,24,393,https://prd-tnm.s3.amazonaws.com/StagedProducts/Elevation/1m/Projects/NC_Phase5_2018_A18/TIFF/USGS_1M_17_x24y393_NC_Phase5_2018_A18.tif
NC_Phase5_2018_A18,17,25,393,https://prd-tnm.s3.amazonaws.com/StagedProducts/Elevation/1m/Projects/NC_Phase5_2018_A18/TIFF/USGS_1M_17_x25y393_NC_Phase5_2018_A18.tif
NC_Phase5_2018_A18,17,26,393,https://prd-tnm.s3.amazonaws.com/StagedProducts/Elevation/1m/Projects/NC_Phase5_2018_A18/TIFF/USGS_1M_17_x26y393_NC_Phase5_2018_A18.tif
NC_Phase5_2018_A18,17,27,393,https://prd-tnm.s3.amazonaws.com/StagedProducts/Elevation/1m/Projects/NC_Phase5_2018_A18/TIFF/USGS_1M_17_x27y393_NC_Phase5_2018_A18.tif
NC_Phase5_2018_A18,17,28,393,https://prd-tnm.s3.amazonaws.com/StagedProducts/Elevation/1m/Projects/NC_Phase5_2018_A18/TIFF/USGS_1M_17_x28y393_NC_Phase5_2018_A18.tif
NC_Phase5_2018_A18,17,29,393,https://prd-tnm.s3.amazonaws.com/StagedProducts/Elevation/1m/Projects/NC_Phase5_2018_A18/TIFF/USGS_1M_17_x29y393_NC_Phase5_2018_A18.tif
NC_Phase5_2018_A18,17,30,393,https://prd-tnm.s3.amazonaws.com/StagedProducts/Elevation/1m/Projects/NC_Phase5_2018_A18/TIFF/USGS_1M_17_x30y393_NC_Phase5_2018_A18.tif
NC_Phase5_2018_A18,17,31,393,https://prd-tnm.s3.amazonaws.com/StagedProducts/Elevation/1m/Projects/NC_Phase5_2018_A18/TIFF/USGS_1M_17_x31y393_NC_Phase5_2018_A18.tif
TN_BlountCo_2015,16,76,394,https://prd-tnm.s3.amazonaws.com/StagedProducts/Elevation/1m/Projects/TN_BlountCo_2015/TIFF/USGS_one_meter_x76y394_TN_BlountCo_2015.tif
NC_Phase5_2018_A18,16,77,394,https://prd-tnm.s3.amazonaws.com/StagedProducts/Elevation/1m/Projects/NC_Phase5_2018_A18/TIFF/USGS_1M_16_x77y394_NC_Phase5_2018_A18.tif
TN_BlountCo_2015,16,77,394,https://prd-tnm.s3.amazonaws.com/StagedProducts/Elevation/1m/Projects/TN_BlountCo_2015/TIFF/USGS_one_meter_x77y394_TN_BlountCo_2015.tif
NC_Phase5_2018_A18,16,78,394,https://prd-tnm.s3.amazonaws.com/StagedProducts/Elevation/1m/Projects/NC_Phase5_2018_A18/TIFF/USGS_1M_16_x78y394_NC_Phase5_2018_A18.tif
TN_Eastern_2_16_B16_Del1_2016,17,22,394,https://prd-tnm.s3.amazonaws.com/StagedProducts/Elevation/1m/Projects/TN_Eastern_2_16_B16_Del1_2016/TIFF/USGS_one_meter_x22y394_TN_Eastern_2_16_B16_Del1_2016.tif
TN_Eastern_2_16_B16_Del2_2016,17,22,394,https://prd-tnm.s3.amazonaws.com/StagedProducts/Elevation/1m/Projects/TN_Eastern_2_16_B16_Del2_2016/TIFF/USGS_one_meter_x22y394_TN_Eastern_2_16_B16_Del2_2016.tif
NC_Phase5_2018_A18,17,23,394,https://prd-tnm.s3.amazonaws.com/StagedProducts/Elevation/1m/Projects/NC_Phase5_2018_A18/TIFF/USGS_1M_17_x23y394_NC_Phase5_2018_A18.tif
TN_Eastern_2_16_B16_Del2_2016,17,23,394,https://prd-tnm.s3.amazonaws.com/StagedProducts/Elevation/1m/Projects/TN_Eastern_2_16_B16_Del2_2016/TIFF/USGS_one_meter_x23y394_TN_Eastern_2_16_B16_Del2_2016.tif
NC_Phase5_2018_A18,17,24,394,https://prd-tnm.s3.amazonaws.com/StagedProducts/Elevation/1m/Projects/NC_Phase5_2018_A18/TIFF/USGS_1M_17_x24y394_NC_Phase5_2018_A18.tif
TN_Eastern_2_16_B16_Del2_2016,17,24,394,https://prd-tnm.s3.amazonaws.com/StagedProducts/Elevation/1m/Projects/TN_Eastern_2_16_B16_Del2_2016/TIFF/USGS_one_meter_x24y394_TN_Eastern_2_16_B16_Del2_2016.tif
NC_Phase5_2018_A18,17,25,394,https://prd-tnm.s3.amazonaws.com/StagedProducts/Elevation/1m/Projects/NC_Phase5_2018_A18/TIFF/USGS_1M_17_x25y394_NC_Phase5_2018_A18.tif
TN_Eastern_2_16_B16_Del2_2016,17,25,394,https://prd-tnm.s3.amazonaws.com/StagedProducts/Elevation/1m/Projects/TN_Eastern_2_16_B16_Del2_2016/TIFF/USGS_one_meter_x25y394_TN_Eastern_2_16_B16_Del2_2016.tif
NC_Phase5_2018_A18,17,26,394,https://prd-tnm.s3.amazonaws.com/StagedProducts/Elevation/1m/Projects/NC_Phase5_2018_A18/TIFF/USGS_1M_17_x26y394_NC_Phase5_2018_A18.tif
TN_Eastern_2_16_B16_Del2_2016,17,26,394,https://prd-tnm.s3.amazonaws.com/StagedProducts/Elevation/1m/Projects/TN_Eastern_2_16_B16_Del2_2016/TIFF/USGS_one_meter_x26y394_TN_Eastern_2_16_B16_Del2_2016.tif
NC_Phase5_2018_A18,17,27,394,https://prd-tnm.s3.amazonaws.com/StagedProducts/Elevation/1m/Projects/NC_Phase5_2018_A18/TIFF/USGS_1M_17_x27y394_NC_Phase5_2018_A18.tif
TN_Eastern_2_16_B16_Del2_2016,17,27,394,https://prd-tnm.s3.amazonaws.com/StagedProducts/Elevation/1m/Projects/TN_Eastern_2_16_B16_Del2_2016/TIFF/USGS_one_meter_x27y394_TN_Eastern_2_16_B16_Del2_2016.tif
NC_Phase5_2018_A18,17,28,394,https://prd-tnm.s3.amazonaws.com/StagedProducts/Elevation/1m/Projects/NC_Phase5_2018_A18/TIFF/USGS_1M_17_x28y394_NC_Phase5_2018_A18.tif
NC_Phase5_2018_A18,17,29,394,https://prd-tnm.s3.amazonaws.com/StagedProducts/Elevation/1m/Projects/NC_Phase5_2018_A18/TIFF/USGS_1M_17_x29y394_NC_Phase5_2018_A18.tif
NC_Phase5_2018_A18,17,30,394,https://prd-tnm.s3.amazonaws.com/StagedProducts/Elevation/1m/Projects/NC_Phase5_2018_A18/TIFF/USGS_1M_17_x30y394_NC_Phase5_2018_A18.tif
NC_Phase5_2018_A18,17,31,394,https://prd-tnm.s3.amazonaws.com/StagedProducts/Elevation/1m/Projects/NC_Phase5_2018_A18/TIFF/USGS_1M_17_x31y394_NC_Phase5_2018_A18.tif
TN_BlountCo_2015,17,22,395,https://prd-tnm.s3.amazonaws.com/StagedProducts/Elevation/1m/Projects/TN_BlountCo_2015/TIFF/USGS_one_meter_x22y395_TN_BlountCo_2015.tif
TN_Eastern_2_16_B16_Del2_2016,17,22,395,https://prd-tnm.s3.amazonaws.com/StagedProducts/Elevation/1m/Projects/TN_Eastern_2_16_B16_Del2_2016/TIFF/USGS_one_meter_x22y395_TN_Eastern_2_16_B16_Del2_2016.tif
TN_BlountCo_2015,17,23,395,https://prd-tnm.s3.amazonaws.com/StagedProducts/Elevation/1m/Projects/TN_BlountCo_2015/TIFF/USGS_one_meter_x23y395_TN_BlountCo_2015.tif
TN_Eastern_2_16_B16_Del2_2016,17,23,395,https://prd-tnm.s3.amazonaws.com/StagedProducts/Elevation/1m/Projects/TN_Eastern_2_16_B16_Del2_2016/TIFF/USGS_one_meter_x23y395_TN_Eastern_2_16_B16_Del2_2016.tif
TN_Eastern_2_16_B16_Del2_2016,17,24,395,https://prd-tnm.s3.amazonaws.com/StagedProducts/Elevation/1m/Projects/TN_Eastern_2_16_B16_Del2_2016/TIFF/USGS_one_meter_x24y395_TN_Eastern_2_16_B16_Del2_2016.tif
NC_Phase5_2018_A18,17,25,395,https://prd-tnm.s3.amazonaws.com/StagedProducts/Elevation/1m/Projects/NC_Phase5_2018_A18/TIFF/USGS_1M_17_x25y395_NC_Phase5_2018_A18.tif
TN_Eastern_2_16_B16_Del2_2016,17,25,395,https://prd-tnm.s3.amazonaws.com/StagedProducts/Elevation/1m/Projects/TN_Eastern_2_16_B16_Del2_2016/TIFF/USGS_one_meter_x25y395_TN_Eastern_2_16_B16_Del2_2016.tif
NC_Phase5_2018_A18,17,26,395,https://prd-tnm.s3.amazonaws.com/StagedProducts/Elevation/1m/Projects/NC_Phase5_2018_A18/TIFF/USGS_1M_17_x26y395_NC_Phase5_2018_A18.tif
TN_Eastern_2_16_B16_Del2_2016,17,26,395,https://prd-tnm.s3.amazonaws.com/StagedProducts/Elevation/1m/Projects/TN_Eastern_2_16_B16_Del2_2016/TIFF/USGS_one_meter_x26y395_TN_Eastern_2_16_B16_Del2_2016.tif
NC_Phase5_2018_A18,17,27,395,https://prd-tnm.s3.amazonaws.com/StagedProducts/Elevation/1m/Projects/NC_Phase5_2018_A18/TIFF/USGS_1M_17_x27y395_NC_Phase5_2018_A18.tif
TN_Eastern_2_16_B16_Del2_2016,17,27,395,https://prd-tnm.s3.amazonaws.com/StagedProducts/Elevation/1m/Projects/TN_Eastern_2_16_B16_Del2_2016/TIFF/USGS_one_meter_x27y395_TN_Eastern_2_16_B16_Del2_2016.tif
NC_Phase5_2018_A18,17,28,395,https://prd-tnm.s3.amazonaws.com/StagedProducts/Elevation/1m/Projects/NC_Phase5_2018_A18/TIFF/USGS_1M_17_x28y395_NC_Phase5_2018_A18.tif
TN_Eastern_2_16_B16_Del2_2016,17,28,395,https://prd-tnm.s3.amazonaws.com/StagedProducts/Elevation/1m/Projects/TN_Eastern_2_16_B16_Del2_2016/TIFF/USGS_one_meter_x28y395_TN_Eastern_2_16_B16_Del2_2016.tif
TN_Eastern_2_16_B16_Del3_2016,17,28,395,https://prd-tnm.s3.amazonaws.com/StagedProducts/Elevation/1m/Projects/TN_Eastern_2_16_B16_Del3_2016/TIFF/USGS_one_meter_x28y395_TN_Eastern_2_16_B16_Del3_2016.tif
NC_Phase5_2018_A18,17,29,395,https://prd-tnm.s3.amazonaws.com/StagedProducts/Elevation/1m/Projects/NC_Phase5_2018_A18/TIFF/USGS_1M_17_x29y395_NC_Phase5_2018_A18.tif
TN_Eastern_2_16_B16_Del3_2016,17,29,395,https://prd-tnm.s3.amazonaws.com/StagedProducts/Elevation/1m/Projects/TN_Eastern_2_16_B16_Del3_2016/TIFF/USGS_one_meter_x29y395_TN_Eastern_2_16_B16_Del3_2016.tif
NC_Phase5_2018_A18,17,30,395,https://prd-tnm.s3.amazonaws.com/StagedProducts/Elevation/1m/Projects/NC_Phase5_2018_A18/TIFF/USGS_1M_17_x30y395_NC_Phase5_2018_A18.tif
NC_Phase5_2018_A18,17,31,395,https://prd-tnm.s3.amazonaws.com/StagedProducts/Elevation/1m/Projects/NC_Phase5_2018_A18/TIFF/USGS_1M_17_x31y395_NC_Phase5_2018_A18.tif
TN_BlountCo_2015,16,76,396,https://prd-tnm.s3.amazonaws.com/StagedProducts/Elevation/1m/Projects/TN_BlountCo_2015/TIFF/USGS_one_meter_x76y396_TN_BlountCo_2015.tif
TN_BlountCo_2015,17,22,396,https://prd-tnm.s3.amazonaws.com/StagedProducts/Elevation/1m/Projects/TN_BlountCo_2015/TIFF/USGS_one_meter_x22y396_TN_BlountCo_2015.tif
TN_BlountCo_2015,17,23,396,https://prd-tnm.s3.amazonaws.com/StagedProducts/Elevation/1m/Projects/TN_BlountCo_2015/TIFF/USGS_one_meter_x23y396_TN_BlountCo_2015.tif
TN_Eastern_2_16_B16_Del2_2016,17,23,396,https://prd-tnm.s3.amazonaws.com/StagedProducts/Elevation/1m/Projects/TN_Eastern_2_16_B16_Del2_2016/TIFF/USGS_one_meter_x23y396_TN_Eastern_2_16_B16_Del2_2016.tif
TN_BlountCo_2015,17,24,396,https://prd-tnm.s3.amazonaws.com/StagedProducts/Elevation/1m/Projects/TN_BlountCo_2015/TIFF/USGS_one_meter_x24y396_TN_BlountCo_2015.tif
TN_Eastern_2_16_B16_Del2_2016,17,24,396,https://prd-tnm.s3.amazonaws.com/StagedProducts/Elevation/1m/Projects/TN_Eastern_2_16_B16_Del2_2016/TIFF/USGS_one_meter_x24y396_TN_Eastern_2_16_B16_Del2_2016.tif
TN_BlountCo_2015,17,25,396,https://prd-tnm.s3.amazonaws.com/StagedProducts/Elevation/1m/Projects/TN_BlountCo_2015/TIFF/USGS_one_meter_x25y396_TN_BlountCo_2015.tif
TN_Eastern_2_16_B16_Del2_2016,17,25,396,https://prd-tnm.s3.amazonaws.com/StagedProducts/Elevation/1m/Projects/TN_Eastern_2_16_B16_Del2_2016/TIFF/USGS_one_meter_x25y396_TN_Eastern_2_16_B16_Del2_2016.tif
TN_Eastern_2_16_B16_Del2_2016,17,26,396,https://prd-tnm.s3.amazonaws.com/StagedProducts/Elevation/1m/Projects/TN_Eastern_2_16_B16_Del2_2016/TIFF/USGS_one_meter_x26y396_TN_Eastern_2_16_B16_Del2_2016.tif
TN_Eastern_2_16_B16_Del2_2016,17,27,396,https://prd-tnm.s3.amazonaws.com/StagedProducts/Elevation/1m/Projects/TN_Eastern_2_16_B16_Del2_2016/TIFF/USGS_one_meter_x27y396_TN_Eastern_2_16_B16_Del2_2016.tif
NC_Phase5_2018_A18,17,28,396,https://prd-tnm.s3.amazonaws.com/StagedProducts/Elevation/1m/Projects/NC_Phase5_2018_A18/TIFF/USGS_1M_17_x28y396_NC_Phase5_2018_A18.tif
TN_Eastern_2_16_B16_Del2_2016,17,28,396,https://prd-tnm.s3.amazonaws.com/StagedProducts/Elevation/1m/Projects/TN_Eastern_2_16_B16_Del2_2016/TIFF/USGS_one_meter_x28y396_TN_Eastern_2_16_B16_Del2_2016.tif
TN_Eastern_2_16_B16_Del3_2016,17,28,396,https://prd-tnm.s3.amazonaws.com/StagedProducts/Elevation/1m/Projects/TN_Eastern_2_16_B16_Del3_2016/TIFF/USGS_one_meter_x28y396_TN_Eastern_2_16_B16_Del3_2016.tif
NC_Phase5_2018_A18,17,29,396,https://prd-tnm.s3.amazonaws.com/StagedProducts/Elevation/1m/Projects/NC_Phase5_2018_A18/TIFF/USGS_1M_17_x29y396_NC_Phase5_2018_A18.tif
TN_Eastern_2_16_B16_Del3_2016,17,29,396,https://prd-tnm.s3.amazonaws.com/StagedProducts/Elevation/1m/Projects/TN_Eastern_2_16_B16_Del3_2016/TIFF/USGS_one_meter_x29y396_TN_Eastern_2_16_B16_Del3_2016.tif
NC_Phase5_2018_A18,17,30,396,https://prd-tnm.s3.amazonaws.com/StagedProducts/Elevation/1m/Projects/NC_Phase5_2018_A18/TIFF/USGS_1M_17_x30y396_NC_Phase5_2018_A18.tif
TN_Eastern_2_16_B16_Del3_2016,17,30,396,https://prd-tnm.s3.amazonaws.com/StagedProducts/Elevation/1m/Projects/TN_Eastern_2_16_B16_Del3_2016/TIFF/USGS_one_meter_x30y396_TN_Eastern_2_16_B16_Del3_2016.tif
NC_Phase5_2018_A18,17,31,396,https://prd-tnm.s3.amazonaws.com/StagedProducts/Elevation/1m/Projects/NC_Phase5_2018_A18/TIFF/USGS_1M_17_x31y396_NC_Phase5_2018_A18.tif
TN_Eastern_2_16_B16_Del3_2016,17,31,396,https://prd-tnm.s3.amazonaws.com/StagedProducts/Elevation/1m/Projects/TN_Eastern_2_16_B16_Del3_2016/TIFF/USGS_one_meter_x31y396_TN_Eastern_2_16_B16_Del3_2016.tif
TN_BlountCo_2015,17,22,397,https://prd-tnm.s3.amazonaws.com/StagedProducts/Elevation/1m/Projects/TN_BlountCo_2015/TIFF/USGS_one_meter_x22y397_TN_BlountCo_2015.tif
TN_Eastern_2_16_B16_Del1_2016,17,22,397,https://prd-tnm.s3.amazonaws.com/StagedProducts/Elevation/1m/Projects/TN_Eastern_2_16_B16_Del1_2016/TIFF/USGS_one_meter_x22y397_TN_Eastern_2_16_B16_Del1_2016.tif
TN_Eastern_2_16_B16_Del2_2016,17,22,397,https://prd-tnm.s3.amazonaws.com/StagedProducts/Elevation/1m/Projects/TN_Eastern_2_16_B16_Del2_2016/TIFF/USGS_one_meter_x22y397_TN_Eastern_2_16_B16_Del2_2016.tif
TN_BlountCo_2015,17,23,397,https://prd-tnm.s3.amazonaws.com/StagedProducts/Elevation/1m/Projects/TN_BlountCo_2015/TIFF/USGS_one_meter_x23y397_TN_BlountCo_2015.tif
TN_Eastern_2_16_B16_Del2_2016,17,23,397,https://prd-tnm.s3.amazonaws.com/StagedProducts/Elevation/1m/Projects/TN_Eastern_2_16_B16_Del2_2016/TIFF/USGS_one_meter_x23y397_TN_Eastern_2_16_B16_Del2_2016.tif
TN_BlountCo_2015,17,24,397,https://prd-tnm.s3.amazonaws.com/StagedProducts/Elevation/1m/Projects/TN_BlountCo_2015/TIFF/USGS_one_meter_x24y397_TN_BlountCo_2015.tif
TN_Eastern_2_16_B16_Del2_2016,17,24,397,https://prd-tnm.s3.amazonaws.com/StagedProducts/Elevation/1m/Projects/TN_Eastern_2_16_B16_Del2_2016/TIFF/USGS_one_meter_x24y397_TN_Eastern_2_16_B16_Del2_2016.tif
TN_BlountCo_2015,17,25,397,https://prd-tnm.s3.amazonaws.com/StagedProducts/Elevation/1m/Projects/TN_BlountCo_2015/TIFF/USGS_one_meter_x25y397_TN_BlountCo_2015.tif
TN_Eastern_2_16_B16_Del2_2016,17,25,397,https://prd-tnm.s3.amazonaws.com/StagedProducts/Elevation/1m/Projects/TN_Eastern_2_16_B16_Del2_2016/TIFF/USGS_one_meter_x25y397_TN_Eastern_2_16_B16_Del2_2016.tif
TN_Eastern_2_16_B16_Del2_2016,17,26,397,https://prd-tnm.s3.amazonaws.com/StagedProducts/Elevation/1m/Projects/TN_Eastern_2_16_B16_Del2_2016/TIFF/USGS_one_meter_x26y397_TN_Eastern_2_16_B16_Del2_2016.tif
TN_Eastern_2_16_B16_Del2_2016,17,27,397,https://prd-tnm.s3.amazonaws.com/StagedProducts/Elevation/1m/Projects/TN_Eastern_2_16_B16_Del2_2016/TIFF/USGS_one_meter_x27y397_TN_Eastern_2_16_B16_Del2_2016.tif
TN_Eastern_2_16_B16_Del2_2016,17,28,397,https://prd-tnm.s3.amazonaws.com/StagedProducts/Elevation/1m/Projects/TN_Eastern_2_16_B16_Del2_2016/TIFF/USGS_one_meter_x28y397_TN_Eastern_2_16_B16_Del2_2016.tif
TN_Eastern_2_16_B16_Del3_2016,17,28,397,https://prd-tnm.s3.amazonaws.com/StagedProducts/Elevation/1m/Projects/TN_Eastern_2_16_B16_Del3_2016/TIFF/USGS_one_meter_x28y397_TN_Eastern_2_16_B16_Del3_2016.tif
TN_Eastern_2_16_B16_Del3_2016,17,29,397,https://prd-tnm.s3.amazonaws.com/StagedProducts/Elevation/1m/Projects/TN_Eastern_2_16_B16_Del3_2016/TIFF/USGS_one_meter_x29y397_TN_Eastern_2_16_B16_Del3_2016.tif
NC_Phase5_2018_A18,17,30,397,https://prd-tnm.s3.amazonaws.com/StagedProducts/Elevation/1m/Projects/NC_Phase5_2018_A18/TIFF/USGS_1M_17_x30y397_NC_Phase5_2018_A18.tif
TN_Eastern_2_16_B16_Del3_2016,17,30,397,https://prd-tnm.s3.amazonaws.com/StagedProducts/Elevation/1m/Projects/TN_Eastern_2_16_B16_Del3_2016/TIFF/USGS_one_meter_x30y397_TN_Eastern_2_16_B16_Del3_2016.tif
NC_Phase5_2018_A18,17,31,397,https://prd-tnm.s3.amazonaws.com/StagedProducts/Elevation/1m/Projects/NC_Phase5_2018_A18/TIFF/USGS_1M_17_x31y397_NC_Phase5_2018_A18.tif
TN_Eastern_2_16_B16_Del3_2016,17,31,397,https://prd-tnm.s3.amazonaws.com/StagedProducts/Elevation/1m/Projects/TN_Eastern_2_16_B16_Del3_2016/TIFF/USGS_one_meter_x31y397_TN_Eastern_2_16_B16_Del3_2016.tif
TN_Eastern_2_16_B16_Del2_2016,16,76,398,https://prd-tnm.s3.amazonaws.com/StagedProducts/Elevation/1m/Projects/TN_Eastern_2_16_B16_Del2_2016/TIFF/USGS_one_meter_x76y398_TN_Eastern_2_16_B16_Del2_2016.tif
TN_Eastern_2_16_B16_Del2_2016,16,77,398,https://prd-tnm.s3.amazonaws.com/StagedProducts/Elevation/1m/Projects/TN_Eastern_2_16_B16_Del2_2016/TIFF/USGS_one_meter_x77y398_TN_Eastern_2_16_B16_Del2_2016.tif
TN_BlountCo_2015,17,22,398,https://prd-tnm.s3.amazonaws.com/StagedProducts/Elevation/1m/Projects/TN_BlountCo_2015/TIFF/USGS_one_meter_x22y398_TN_BlountCo_2015.tif
TN_Eastern_2_16_B16_Del2_2016,17,22,398,https://prd-tnm.s3.amazonaws.com/StagedProducts/Elevation/1m/Projects/TN_Eastern_2_16_B16_Del2_2016/TIFF/USGS_one_meter_x22y398_TN_Eastern_2_16_B16_Del2_2016.tif
TN_BlountCo_2015,17,23,398,https://prd-tnm.s3.amazonaws.com/StagedProducts/Elevation/1m/Projects/TN_BlountCo_2015/TIFF/USGS_one_meter_x23y398_TN_BlountCo_2015.tif
TN_Eastern_2_16_B16_Del2_2016,17,23,398,https://prd-tnm.s3.amazonaws.com/StagedProducts/Elevation/1m/Projects/TN_Eastern_2_16_B16_Del2_2016/TIFF/USGS_one_meter_x23y398_TN_Eastern_2_16_B16_Del2_2016.tif
TN_BlountCo_2015,17,24,398,https://prd-tnm.s3.amazonaws.com/StagedProducts/Elevation/1m/Projects/TN_BlountCo_2015/TIFF/USGS_one_meter_x24y398_TN_BlountCo_2015.tif
TN_Eastern_2_16_B16_Del2_2016,17,24,398,https://prd-tnm.s3.amazonaws.com/StagedProducts/Elevation/1m/Projects/TN_Eastern_2_16_B16_Del2_2016/TIFF/USGS_one_meter_x24y398_TN_Eastern_2_16_B16_Del2_2016.tif
TN_Eastern_2_16_B16_Del2_2016,17,25,398,https://prd-tnm.s3.amazonaws.com/StagedProducts/Elevation/1m/Projects/TN_Eastern_2_16_B16_Del2_2016/TIFF/USGS_one_meter_x25y398_TN_Eastern_2_16_B16_Del2_2016.tif
TN_Eastern_2_16_B16_Del2_2016,17,26,398,https://prd-tnm.s3.amazonaws.com/StagedProducts/Elevation/1m/Projects/TN_Eastern_2_16_B16_Del2_2016/TIFF/USGS_one_meter_x26y398_TN_Eastern_2_16_B16_Del2_2016.tif
TN_Eastern_2_16_B16_Del2_2016,17,27,398,https://prd-tnm.s3.amazonaws.com/StagedProducts/Elevation/1m/Projects/TN_Eastern_2_16_B16_Del2_2016/TIFF/USGS_one_meter_x27y398_TN_Eastern_2_16_B16_Del2_2016.tif
TN_Eastern_2_16_B16_Del2_2016,17,28,398,https://prd-tnm.s3.amazonaws.com/StagedProducts/Elevation/1m/Projects/TN_Eastern_2_16_B16_Del2_2016/TIFF/USGS_one_meter_x28y398_TN_Eastern_2_16_B16_Del2_2016.tif
TN_Eastern_2_16_B16_Del3_2016,17,28,398,https://prd-tnm.s3.amazonaws.com/StagedProducts/Elevation/1m/Projects/TN_Eastern_2_16_B16_Del3_2016/TIFF/USGS_one_meter_x28y398_TN_Eastern_2_16_B16_Del3_2016.tif
TN_Eastern_2_16_B16_Del3_2016,17,29,398,https://prd-tnm.s3.amazonaws.com/StagedProducts/Elevation/1m/Projects/TN_Eastern_2_16_B16_Del3_2016/TIFF/USGS_one_meter_x29y398_TN_Eastern_2_16_B16_Del3_2016.tif
TN_Eastern_2_16_B16_Del3_2016,17,30,398,https://prd-tnm.s3.amazonaws.com/StagedProducts/Elevation/1m/Projects/TN_Eastern_2_16_B16_Del3_2016/TIFF/USGS_one_meter_x30y398_TN_Eastern_2_16_B16_Del3_2016.tif
TN_Eastern_2_16_B16_Del3_2016,17,31,398,https://prd-tnm.s3.amazonaws.com/StagedProducts/Elevation/1m/Projects/TN_Eastern_2_16_B16_Del3_2016/TIFF/USGS_one_meter_x31y398_TN_Eastern_2_16_B16_Del3_2016.tif